-- ============================================================
-- H2 测试数据
-- ============================================================

-- 仓库
INSERT INTO warehouse VALUES
('W001', '主仓库-1号库',   '超市后院左侧', 2000),
('W002', '主仓库-2号库',   '超市后院右侧', 1500),
('W003', '冷藏仓库',       '超市后院冷藏区', 800),
('W004', '日用百货仓库',   '超市二楼库房', 1200);

-- 供应商
INSERT INTO supplier VALUES
('S001', '旺旺食品有限公司',     '张经理', '13800138001', '广州市开发区路1号'),
('S002', '康师傅饮品有限公司',   '李经理', '13800138002', '天津市开发区路2号'),
('S003', '宝洁日化有限公司',     '王经理', '13800138003', '上海市开发区路3号'),
('S004', '伊利乳业有限公司',     '赵经理', '13800138004', '呼和浩特市开发区路4号'),
('S005', '双汇食品有限公司',     '刘经理', '13800138005', '漯河市开发区路5号'),
('S006', '农夫山泉有限公司',     '陈经理', '13800138006', '杭州市开发区路6号');

-- 员工（密码统一为 111111）
INSERT INTO staff VALUES
('001', '系统管理员', '管理员',     '111111'),
('002', '张仓管',     '仓库管理员', '111111'),
('003', '赵采购',     '员工',       '111111');

-- 商品
INSERT INTO goods VALUES
('G00001', '康师傅红烧牛肉面',   '袋装 100g',  '袋',  3.50,  50),
('G00002', '康师傅冰红茶',       '瓶装 500ml', '瓶',  3.00,  100),
('G00003', '旺旺仙贝',           '袋装 52g',   '袋',  5.00,  30),
('G00004', '旺旺雪饼',           '袋装 84g',   '袋',  5.50,  30),
('G00005', '伊利纯牛奶',         '盒装 250ml', '盒',  3.00,  200),
('G00006', '伊利安慕希酸奶',     '瓶装 205g',  '瓶',  6.50,  100),
('G00007', '双汇火腿肠',         '根装 35g',   '根',  1.50,  200),
('G00008', '双汇玉米热狗',       '根装 75g',   '根',  2.50,  100),
('G00009', '农夫山泉矿泉水',     '瓶装 550ml', '瓶',  2.00,  200),
('G00010', '农夫山泉矿泉水',     '桶装 4L',    '桶',  8.00,  50),
('G00011', '海飞丝去屑洗发露',   '瓶装 400ml', '瓶', 39.90,  20),
('G00012', '飘柔精华护理洗发露', '瓶装 500ml', '瓶', 35.00,  20),
('G00013', '舒肤佳香皂',         '块装 115g',  '块',  5.50,  80),
('G00014', '奥利奥饼干',         '盒装 97g',   '盒',  9.90,  40),
('G00015', '乐事薯片',           '袋装 75g',   '袋',  7.00,  60);

-- 初始库存
INSERT INTO inventory VALUES
('G00001','W001',500), ('G00002','W001',300), ('G00003','W001',200),
('G00004','W001',150), ('G00005','W003',600), ('G00006','W003',400),
('G00007','W001',800), ('G00008','W001',300), ('G00009','W001',500),
('G00010','W001',100), ('G00011','W004',80),  ('G00012','W004',60),
('G00013','W004',200), ('G00014','W001',120), ('G00015','W001',180);

-- 入库记录
INSERT INTO instock VALUES
('I0000001','G00001','W001','S002','003',200,'2026-06-01 08:30:00'),
('I0000002','G00002','W001','S002','003',150,'2026-06-01 08:35:00'),
('I0000003','G00005','W003','S004','003',300,'2026-06-02 09:00:00'),
('I0000004','G00006','W003','S004','003',200,'2026-06-02 09:10:00'),
('I0000005','G00007','W001','S005','003',400,'2026-06-03 10:00:00'),
('I0000006','G00009','W001','S006','003',250,'2026-06-03 10:30:00'),
('I0000007','G00011','W004','S003','003',50, '2026-06-04 11:00:00'),
('I0000008','G00013','W004','S003','003',100,'2026-06-04 11:20:00'),
('I0000009','G00003','W001','S001','003',100,'2026-06-05 14:00:00'),
('I0000010','G00014','W001','S002','003',80, '2026-06-05 14:30:00');

-- 出库记录
INSERT INTO outstock VALUES
('O0000001','G00001','W001','002',80, '2026-06-02 07:00:00'),
('O0000002','G00002','W001','002',50, '2026-06-02 07:10:00'),
('O0000003','G00005','W003','002',100,'2026-06-03 07:00:00'),
('O0000004','G00007','W001','002',120,'2026-06-03 07:30:00'),
('O0000005','G00009','W001','002',80, '2026-06-04 08:00:00'),
('O0000006','G00001','W001','002',60, '2026-06-05 07:00:00'),
('O0000007','G00003','W001','002',30, '2026-06-05 07:20:00'),
('O0000008','G00006','W003','002',50, '2026-06-05 08:00:00'),
('O0000009','G00013','W004','002',40, '2026-06-06 09:00:00'),
('O0000010','G00011','W004','002',20, '2026-06-06 09:30:00');
